[
  {"model": "gtd.status", "pk": 1, "fields": {"name": "PROPOSED", "color": "info", "activity_level": 1, "created_at": "2026-03-20T00:00:00Z"}},
  {"model": "gtd.status", "pk": 2, "fields": {"name": "SOMEDAY", "color": "secondary", "activity_level": 2, "created_at": "2026-03-20T00:00:00Z"}},
  {"model": "gtd.status", "pk": 3, "fields": {"name": "LONG", "color": "secondary", "activity_level": 3, "created_at": "2026-03-20T00:00:00Z"}},
  {"model": "gtd.status", "pk": 4, "fields": {"name": "WAITING", "color": "warning", "activity_level": 4, "created_at": "2026-03-20T00:00:00Z"}},
  {"model": "gtd.status", "pk": 5, "fields": {"name": "NEXT", "color": "primary", "activity_level": 5, "created_at": "2026-03-20T00:00:00Z"}},
  {"model": "gtd.status", "pk": 6, "fields": {"name": "IN ACTION", "color": "success", "activity_level": 6, "created_at": "2026-03-20T00:00:00Z"}},
  {"model": "gtd.status", "pk": 7, "fields": {"name": "BACK BURNER", "color": "info", "activity_level": 7, "created_at": "2026-03-20T00:00:00Z"}},
  {"model": "gtd.status", "pk": 8, "fields": {"name": "PAUSED", "color": "warning", "activity_level": 8, "created_at": "2026-03-20T00:00:00Z"}},
  {"model": "gtd.status", "pk": 9, "fields": {"name": "SUSPENDED", "color": "danger", "activity_level": 9, "created_at": "2026-03-20T00:00:00Z"}},
  {"model": "gtd.status", "pk": 10, "fields": {"name": "COMPLETED", "color": "dark", "activity_level": 10, "created_at": "2026-03-20T00:00:00Z"}},
  {"model": "gtd.status", "pk": 11, "fields": {"name": "ABANDONED", "color": "danger", "activity_level": 11, "created_at": "2026-03-20T00:00:00Z"}},

  {"model": "gtd.priority", "pk": 1, "fields": {"name": "Critical", "rank": 1, "created_at": "2026-03-20T00:00:00Z"}},
  {"model": "gtd.priority", "pk": 2, "fields": {"name": "High", "rank": 2, "created_at": "2026-03-20T00:00:00Z"}},
  {"model": "gtd.priority", "pk": 3, "fields": {"name": "Medium", "rank": 3, "created_at": "2026-03-20T00:00:00Z"}},
  {"model": "gtd.priority", "pk": 4, "fields": {"name": "Low", "rank": 4, "created_at": "2026-03-20T00:00:00Z"}},
  {"model": "gtd.priority", "pk": 5, "fields": {"name": "Someday", "rank": 5, "created_at": "2026-03-20T00:00:00Z"}},

  {"model": "gtd.context", "pk": 1, "fields": {"name": "@Anywhere", "user": null, "created_at": "2026-03-20T00:00:00Z"}},
  {"model": "gtd.context", "pk": 2, "fields": {"name": "@Computer", "user": null, "created_at": "2026-03-20T00:00:00Z"}},
  {"model": "gtd.context", "pk": 3, "fields": {"name": "@Errands", "user": null, "created_at": "2026-03-20T00:00:00Z"}},
  {"model": "gtd.context", "pk": 4, "fields": {"name": "@Home", "user": null, "created_at": "2026-03-20T00:00:00Z"}},
  {"model": "gtd.context", "pk": 5, "fields": {"name": "@Low Energy", "user": null, "created_at": "2026-03-20T00:00:00Z"}},
  {"model": "gtd.context", "pk": 6, "fields": {"name": "@Phone", "user": null, "created_at": "2026-03-20T00:00:00Z"}},
  {"model": "gtd.context", "pk": 7, "fields": {"name": "@Waiting", "user": null, "created_at": "2026-03-20T00:00:00Z"}},
  {"model": "gtd.context", "pk": 8, "fields": {"name": "@Work", "user": null, "created_at": "2026-03-20T00:00:00Z"}},

  {"model": "gtd.domain", "pk": 1, "fields": {"name": "Personal", "color": "primary", "user": null, "is_protected": true, "created_at": "2026-03-20T00:00:00Z"}},
  {"model": "gtd.domain", "pk": 2, "fields": {"name": "Work", "color": "success", "user": null, "is_protected": false, "created_at": "2026-03-20T00:00:00Z"}},
  {"model": "gtd.domain", "pk": 3, "fields": {"name": "Health", "color": "danger", "user": null, "is_protected": false, "created_at": "2026-03-20T00:00:00Z"}},
  {"model": "gtd.domain", "pk": 4, "fields": {"name": "Finance", "color": "warning", "user": null, "is_protected": false, "created_at": "2026-03-20T00:00:00Z"}},

  {"model": "gtd.area", "pk": 1, "fields": {"name": "General", "domain": 1, "user": null, "is_protected": true, "created_at": "2026-03-20T00:00:00Z"}},
  {"model": "gtd.area", "pk": 2, "fields": {"name": "Family", "domain": 1, "user": null, "is_protected": false, "created_at": "2026-03-20T00:00:00Z"}},
  {"model": "gtd.area", "pk": 3, "fields": {"name": "Home & Household", "domain": 1, "user": null, "is_protected": false, "created_at": "2026-03-20T00:00:00Z"}},
  {"model": "gtd.area", "pk": 4, "fields": {"name": "Relationships & Social", "domain": 1, "user": null, "is_protected": false, "created_at": "2026-03-20T00:00:00Z"}},
  {"model": "gtd.area", "pk": 5, "fields": {"name": "Hobbies & Recreation", "domain": 1, "user": null, "is_protected": false, "created_at": "2026-03-20T00:00:00Z"}},
  {"model": "gtd.area", "pk": 6, "fields": {"name": "Career Development", "domain": 2, "user": null, "is_protected": false, "created_at": "2026-03-20T00:00:00Z"}},
  {"model": "gtd.area", "pk": 7, "fields": {"name": "Projects & Deliverables", "domain": 2, "user": null, "is_protected": false, "created_at": "2026-03-20T00:00:00Z"}},
  {"model": "gtd.area", "pk": 8, "fields": {"name": "Team & Management", "domain": 2, "user": null, "is_protected": false, "created_at": "2026-03-20T00:00:00Z"}},
  {"model": "gtd.area", "pk": 9, "fields": {"name": "Administrative", "domain": 2, "user": null, "is_protected": false, "created_at": "2026-03-20T00:00:00Z"}},
  {"model": "gtd.area", "pk": 10, "fields": {"name": "Fitness & Exercise", "domain": 3, "user": null, "is_protected": false, "created_at": "2026-03-20T00:00:00Z"}},
  {"model": "gtd.area", "pk": 11, "fields": {"name": "Medical & Wellness", "domain": 3, "user": null, "is_protected": false, "created_at": "2026-03-20T00:00:00Z"}},
  {"model": "gtd.area", "pk": 12, "fields": {"name": "Mental Health", "domain": 3, "user": null, "is_protected": false, "created_at": "2026-03-20T00:00:00Z"}},
  {"model": "gtd.area", "pk": 13, "fields": {"name": "Budgeting & Planning", "domain": 4, "user": null, "is_protected": false, "created_at": "2026-03-20T00:00:00Z"}},
  {"model": "gtd.area", "pk": 14, "fields": {"name": "Investments", "domain": 4, "user": null, "is_protected": false, "created_at": "2026-03-20T00:00:00Z"}}
]
